ipsedID,county,avgCasePerCapita,fipsCode,school,state,flag,stateCHECK,vaxPolicySchoolnameCHECK,announceDateCHECK,typeCHECK,mask,allStudentsCHECK,urlCHECK
100830,Montgomery County,208.405206896552,1101,Auburn University at Montgomery,AL,,IN,Indiana University at Kokomo,2021-05-21,Public,,1,https://www.iu.edu/covid/prevention/covid-19-vaccine.html
100858,Lee County,197.205859605911,1081,Auburn University,AL,,MN,Augsburg University,2021-07-21,Private,,1,https://drive.google.com/file/d/1BTALtRZBsDhowtUh3FEprNCxn84AyBJZ/view
101541,Perry County,184.584206896552,1105,Judson College,AL,,MI,Albion College,2021-05-19,Private,,1,https://www.albion.edu/albion-college-to-require-a-covid-19-vaccination-before-returning-to-campus-for-the-fall-2021-semester/
101879,Lauderdale County,223.746438423645,1077,University of North Alabama,AL,,IN,University of Notre Dame,2021-04-07,Private,,1,https://here.nd.edu/health-safety/covid-19-vaccination-information/faculty-and-staff-vaccination-requirement/
102368,Pike County,191.988665024631,1109,Troy University,AL,,RI,Brown University,2021-04-06,Private,,1,https://www.providencejournal.com/story/news/2021/04/06/brown-begin-requiring-vaccines-students-come-fall/7107713002/
102377,Macon County,177.319986453202,1087,Tuskegee University,AL,,NC,Duke University,2021-04-09,Private,,1,https://today.duke.edu/2021/04/student-vaccination-requirements-fall-semester
102553,Anchorage Municipality,308.721604679803,2020,University of Alaska Anchorage,AK,,MD,University of Baltimore,2021-04-23,Public,,1,https://www.usmd.edu/newsroom/news/2154
104179,Pima County,208.624730295567,4019,University of Arizona,AZ,,OR,University of Oregon,2021-05-10,Public,,1,https://around.uoregon.edu/content/uo-require-covid-19-vaccinations-students-employees
106245,Pulaski County,226.615375615764,5119,University of Arkansas at Little Rock,AR,,HI,University of Hawaii at Hilo,2021-05-17,Public,,1,https://www.hawaii.edu/news/2021/05/17/uh-to-require-covid-19-vaccination/
106397,Washington County,246.204488916256,5143,University of Arkansas,AR,,CA,University of Redlands,2021-06-15,Private,,1,https://www.redlands.edu/globalassets/ucomm/01-covid-19/employees/docs/ur-covid-vaccination-policy-2021-employees-final.pdf
107558,Johnson County,216.830890394089,5071,University of the Ozarks,AR,,CA,University of the West,2021-07-22,Private,,1,https://www.uwest.edu/coronavirus-information-for-the-uwest-community/
107877,Lawrence County,270.791857142857,5075,Williams Baptist University,AR,,NJ,William Paterson University,2021-06-23,Public,,1,https://myemail.constantcontact.com/WP-Vaccine-Requirements-Update.html?soid=1132109892475&aid=4MVKL3TWSCw
110422,San Luis Obispo County,171.64454679803,6079,California Polytechnic State University-San Luis Obispo,CA,,CA,California Polytechnic State University at San Luis Obispo,2021-04-22,Public,,1,https://www2.calstate.edu/csu-system/news/Pages/CSU-COVID-Vax-Requirement-FDA-Approval.aspx
110486,Kern County,227.736375615764,6029,California State University-Bakersfield,CA,,CA,California State University at Bakersfield,2021-04-22,Public,,1,https://www2.calstate.edu/csu-system/news/Pages/CSU-COVID-Vax-Requirement-FDA-Approval.aspx
110495,Stanislaus County,210.801890394089,6099,California State University-Stanislaus,CA,,CA,California State University-Stanislaus,2021-04-22,Public,,1,https://www2.calstate.edu/csu-system/news/Pages/CSU-COVID-Vax-Requirement-FDA-Approval.aspx
110556,Fresno County,218.967793103448,6019,California State University-Fresno,CA,,CA,California State University at Fresno,2021-04-22,Public,,1,https://www2.calstate.edu/csu-system/news/Pages/CSU-COVID-Vax-Requirement-FDA-Approval.aspx
110680,San Diego County,208.018078817734,6073,University of California-San Diego,CA,,CA,University of California at San Diego,2021-04-22,Public,,1,https://www.universityofcalifornia.edu/press-room/uc-encourages-covid-19-vaccinations-university-communities-while-reviewing-policy
115755,Humboldt County,126.273357142857,6023,Humboldt State University,CA,,CA,Humboldt State University,2021-04-22,Public,,1,https://www2.calstate.edu/csu-system/news/Pages/CSU-COVID-Vax-Requirement-FDA-Approval.aspx
120184,San Mateo County,144.435624384236,6081,Notre Dame de Namur University,CA,,MD,Notre Dame of Maryland University,2021-05-26,Private,,1,https://www.ndm.edu/news-and-events/news/covid-19-vaccination-required-fall
123457,Shasta County,175.788746305419,6089,Simpson University,CA,,VA,Hampton University,2021-04-08,Private,,1,http://docs.hamptonu.edu/student/20210414123904-13399-new_student_revised_letter.pdf_20210416112456.pdf
123572,Sonoma County,150.057736453202,6097,Sonoma State University,CA,,CA,Sonoma State University,2021-04-22,Public,,1,https://www2.calstate.edu/csu-system/news/Pages/CSU-COVID-Vax-Requirement-FDA-Approval.aspx
126562,Adams County,219.0341908867,8001,University of Colorado Denver/Anschutz Medical Campus,CO,,CO,University of Colorado-Anschutz Medical Campus,2021-04-28,Public,,1,https://president.cu.edu/statements/cu-requires-vaccine-fall-semester-2021
126614,Boulder County,167.056328817734,8013,University of Colorado Boulder,CO,,CO,University of Colorado at Boulder,2021-04-28,Public,,1,https://president.cu.edu/statements/cu-requires-vaccine-fall-semester-2021
128771,Hartford County,171.72093226601,9003,Central Connecticut State University,CT,,CT,Central Connecticut State University,2021-06-25,Public,,1,https://www.ct.edu/covid19#faqs
128902,New London County,178.698352216749,9011,Connecticut College,CT,,CT,Connecticut College,2021-05-12,Private,,1,https://www.conncoll.edu/campus-life/student-health-services/coronavirus/coronavirus-communications/students/student-vaccination-requirement-may-12-2021/
130697,Middlesex County,149.377516009852,9007,Wesleyan University,CT,,CT,Wesleyan University,2021-04-13,Private,,1,http://coronavirus.blogs.wesleyan.edu/2021/04/13/april-13-2021-student-vaccination-requirement-for-fall-2021/
130794,New Haven County,197.657943349754,9009,Yale University,CT,,CT,Yale University,2021-04-19,Private,,1,https://www.wfsb.com/news/yale-university-requiring-all-students-to-get-vaccinated-before-returning-to-campus/article_6d599bfc-a121-11eb-8fe8-4f87c780682c.html
130934,Kent County,239.389129310345,10001,Delaware State University,DE,,MD,Bowie State University,2021-04-23,Public,,1,https://www.usmd.edu/newsroom/news/2154
130943,New Castle County,226.264527093596,10003,University of Delaware,DE,,DE,University of Delaware,2021-05-05,Public,,1,https://www.udel.edu/udaily/2021/may/covid-19-coronavirus-vaccination-requirement-students/
133669,Palm Beach County,213.018413793103,12099,Florida Atlantic University,FL,,GA,Clark Atlanta University,2021-04-19,Private,,1,https://www.ajc.com/education/emory-and-atlantas-to-require-students-get-covid-19-vaccine/4M3BJZVT5JFVJC6HVB6VGFX5OI/
137032,Pasco County,190.665770935961,12101,Saint Leo University,FL,,MO,Saint Louis University,2021-06-08,Private,,1,https://www.slu.edu/health-advisory/messages/slu-to-require-covid-19-vaccine.php
137351,Hillsborough County,220.246667487685,12057,University of South Florida,FL,,ME,University of Southern Maine,2021-08-04,Public,,1,https://www.maine.edu/together/community-guidance/students/
138309,Marion County,196.846096059113,12083,Rasmussen University-Florida,FL,,ME,Husson University,2021-05-17,Private,,1,https://www.globenewswire.com/news-release/2021/05/17/2230695/0/en/Husson-University-Takes-Important-Next-Step-in-Protecting-Students-Health.html
138354,Escambia County,220.880671182266,12033,The University of West Florida,FL,,TN,The University of the South,2021-08-26,Private,,1,https://new.sewanee.edu/2019-novel-coronavirus-covid-19/vaccination-requirement-aug-26/
139199,Hall County,224.644163793103,13139,Brenau University,GA,,RI,Bryant University,2021-06-30,Private,,1,https://news.bryant.edu/student-covid-19-vaccination-and-masking-policy-fall-semester-2021
139463,Whitfield County,280.006804187192,13313,Dalton State College,GA,,NV,Nevada State College,2021-08-20,Public,,0,https://www.unlv.edu/news-story/nevada-state-board-health-approves-covid-19-vaccination-requirement-students
139630,Franklin County,192.870130541872,13119,Emmanuel College,GA,,MA,Emmanuel College,2021-05-03,Private,,1,https://www.emmanuel.edu/forward/announcements/message-from-the-president-concerning-student-vaccinations-for-fall-2021.html
139755,Fulton County,175.842383004926,13121,Georgia Institute of Technology-Main Campus,GA,,IL,SAE Institute of Technology at Chicago,2021-08-26,For-profit,,1,https://www.illinois.gov/government/executive-orders/executive-order.executive-order-number-20.2021.html
139764,Sumter County,195.624433497537,13261,Georgia Southwestern State University,GA,,LA,Northwestern State University,2021-08-23,Public,,1,https://www.klfy.com/health/coronavirus/university-of-louisiana-system-will-require-student-covid-19-vaccinations/
140447,Bibb County,208.597089901478,13021,Mercer University,GA,,IL,Adler University,2021-08-26,Private,,1,https://www.illinois.gov/government/executive-orders/executive-order.executive-order-number-20.2021.html
141264,Lowndes County,227.128557881773,13185,Valdosta State University,GA,,MA,Salem State University,2021-04-26,Public,,1,https://www.salemstate.edu/news/fall-2021-semester-covid-19-vaccine-requirement-apr-26-2021
141565,Hawaii County,112.458363300493,15001,University of Hawaii at Hilo,HI,,HI,University of Hawaii at Hilo,2021-05-17,Public,,1,https://www.hawaii.edu/news/2021/05/17/uh-to-require-covid-19-vaccination/
142115,Ada County,239.464056650246,16001,Boise State University,ID,,MD,Bowie State University,2021-04-23,Public,,1,https://www.usmd.edu/newsroom/news/2154
143288,Macoupin County,243.780716748769,17117,Blackburn College,IL,,IL,Blackburn College,2021-08-26,Private,,1,https://www.illinois.gov/government/executive-orders/executive-order.executive-order-number-20.2021.html
143358,Peoria County,223.714011083744,17143,Bradley University,IL,,IL,Bradley University,2021-08-26,Private,,1,https://www.illinois.gov/government/executive-orders/executive-order.executive-order-number-20.2021.html
144892,Coles County,259.493831280788,17029,Eastern Illinois University,IL,,IL,Eastern Illinois University,2021-08-26,Public,,1,https://www.illinois.gov/government/executive-orders/executive-order.executive-order-number-20.2021.html
145372,Bond County,221.308988916256,17005,Greenville University,IL,,IL,Greenville University,2021-08-26,Private,,1,https://www.illinois.gov/government/executive-orders/executive-order.executive-order-number-20.2021.html
145600,Cook County,189.887768472906,17031,University of Illinois Chicago,IL,,IL,University of Illinois at Chicago,2021-06-21,Public,,1,https://massmail.illinois.edu/massmail/1167605264.html
145813,McLean County,250.175519704434,17113,Illinois State University,IL,,IL,Illinois State University,2021-07-28,Public,,1,https://news.illinoisstate.edu/2021/07/coronavirus-update-july-28-2021-new-face-covering-vaccine-and-testing-requirements/
146481,Lake County,185.614242610837,17097,Lake Forest College,IL,,IL,Lake Forest College,2021-05-20,Private,,1,https://www.lakeforest.edu/about-us/administration/covid-19-information/previous-correspondence
146533,Vermilion County,316.73810591133,17183,Lakeview College of Nursing,IL,,IL,Lakeview College of Nursing,2021-08-26,Private,,1,https://www.illinois.gov/government/executive-orders/executive-order.executive-order-number-20.2021.html
147244,Macon County,252.020860837438,17115,Millikin University,IL,,IL,Millikin University,2021-08-26,Private,,1,https://www.illinois.gov/government/executive-orders/executive-order.executive-order-number-20.2021.html
147703,DeKalb County,192.035666256158,17037,Northern Illinois University,IL,,IL,Northern Illinois University,2021-06-23,Public,,1,https://www.niu.edu/protecting-the-pack/communication/messaging/6-23-21-requiring-covid-19-vaccination-for-students-employees.html
148131,Adams County,293.355103448276,17001,Quincy University,IL,,IL,Quincy University,2021-08-26,Private,,1,https://www.quincy.edu/coronavirus/
148405,Winnebago County,233.359140394089,17201,Rockford University,IL,,IL,Rockford University,2021-08-26,Private,,1,https://www.illinois.gov/government/executive-orders/executive-order.executive-order-number-20.2021.html
149222,Jackson County,235.695825123153,17077,Southern Illinois University-Carbondale,IL,,IL,Southern Illinois University at Carbondale,2021-08-26,Public,,1,https://www.illinois.gov/government/executive-orders/executive-order.executive-order-number-20.2021.html
149231,Madison County,230.53138546798,17119,Southern Illinois University-Edwardsville,IL,,IL,Southern Illinois University at Edwardsville,2021-08-26,Public,,1,https://www.illinois.gov/government/executive-orders/executive-order.executive-order-number-20.2021.html
150066,Madison County,217.151343596059,18095,Anderson University,IN,,IL,Judson University,2021-08-26,Private,,1,https://www.illinois.gov/government/executive-orders/executive-order.executive-order-number-20.2021.html
150604,Johnson County,230.24943226601,18081,Franklin College,IN,,CA,Coastline College,2021-08-24,Public,,1,https://www.cccd.edu/aboutus/novelcoronavirus/index.cfm
150677,Kosciusko County,213.536415024631,18085,Grace College and Theological Seminary,IN,,IL,Garrett-Evangelical Theological Seminary,2021-08-26,Private,,1,https://www.illinois.gov/government/executive-orders/executive-order.executive-order-number-20.2021.html
150941,Huntington County,268.49111453202,18069,Huntington University,IN,,NY,Binghamton University,2021-05-10,Public,,1,https://twitter.com/NYGovCuomo/status/1391784406453477383?s=20
151111,Marion County,201.003492610837,18097,Indiana University-Purdue University-Indianapolis,IN,,IN,Indiana University-Purdue University at Indianapolis,2021-05-21,Public,,1,https://www.iu.edu/covid/prevention/covid-19-vaccine.html
151324,Vigo County,231.982188423645,18167,Indiana State University,IN,,LA,Louisiana State University,2021-08-24,Public,,1,https://www.lsu.edu/president/messages/2021/08-24-welcome-employees.php
151379,Floyd County,207.365588669951,18043,Indiana University-Southeast,IN,,IN,Indiana University-Southeast,2021-05-21,Public,,1,https://www.iu.edu/covid/prevention/covid-19-vaccine.html
151777,Wabash County,239.690086206897,18169,Manchester University,IN,,WI,Marquette University,2021-06-07,Private,,1,https://www.marquette.edu/email/president/6-07-21-vaccine.php/
151801,Grant County,226.38009729064,18053,Indiana Wesleyan University-Marion,IN,,IL,Illinois Wesleyan University,2021-08-26,Private,,1,https://www.illinois.gov/government/executive-orders/executive-order.executive-order-number-20.2021.html
152080,St. Joseph County,223.937080049261,18141,University of Notre Dame,IN,,IN,University of Notre Dame,2021-04-07,Private,,1,https://here.nd.edu/health-safety/covid-19-vaccination-information/faculty-and-staff-vaccination-requirement/
152099,Gibson County,296.189976600985,18051,Oakland City University,IN,,MI,Oakland University,2021-04-06,Public,,1,https://www.oakland.edu/return-to-campus/covid-19-vaccines/
153108,Marion County,194.160039408867,19125,Central College,IA,,WA,Centralia College,2021-08-20,Public,,0,https://www.governor.wa.gov/sites/default/files/proclamations/proc_20-12.5.pdf
153250,Sioux County,195.648678571429,19167,Dordt University,IA,,NJ,Drew University,2021-04-26,Private,,1,http://www.drew.edu/stories/2021/04/26/drew-university-announces-vaccine-requirement-for-2021-22-academic-year/
153603,Story County,174.962935960591,19169,Iowa State University,IA,,MD,Bowie State University,2021-04-23,Public,,1,https://www.usmd.edu/newsroom/news/2154
154350,Warren County,208.076518472906,19181,Simpson College,IA,,WI,Ripon College,2021-08-12,Private,,1,https://ripon.edu/coronavirus-information/
154590,Mahaska County,186.158733990148,19123,William Penn University,IA,,NJ,William Paterson University,2021-06-23,Public,,1,https://myemail.constantcontact.com/WP-Vaccine-Requirements-Update.html?soid=1132109892475&aid=4MVKL3TWSCw
154749,Harvey County,238.722174876847,20079,Bethel College-North Newton,KS,,MA,Berklee College of Music,2021-04-28,Private,,1,https://www.berklee.edu/berklee-now/news/berklee-to-require-students-to-be-fully-vaccinated-against-covid-19-ahead-of-fall-2021-semester
155025,Lyon County,256.619240147783,20111,Emporia State University,KS,,MD,Bowie State University,2021-04-23,Public,,1,https://www.usmd.edu/newsroom/news/2154
156082,Shawnee County,234.626176108374,20177,Washburn University,KS,,CA,Woodbury University,2021-08-11,Private,,1,https://woodbury.edu/news/campus-entry/
156213,Jessamine County,240.003837438424,21113,Asbury University,KY,,MN,Augsburg University,2021-07-21,Private,,1,https://drive.google.com/file/d/1BTALtRZBsDhowtUh3FEprNCxn84AyBJZ/view
156745,Scott County,254.808842364532,21209,Georgetown College,KY,,MN,Carleton College,2021-04-28,Private,,1,https://www.carleton.edu/covid/updates/message-from-president-poskanzer-sharing-the-framework-for-fall-2021/
157216,Adair County,260.883378078818,21001,Lindsey Wilson College,KY,,NC,Warren Wilson College,2021-05-04,Private,,1,https://warren-wilson.edu/about/news-events/covid-19-response/
157447,Campbell County,210.763995073892,21037,Northern Kentucky University,KY,,IL,Northern Illinois University,2021-06-23,Public,,1,https://www.niu.edu/protecting-the-pack/communication/messaging/6-23-21-requiring-covid-19-vaccination-for-students-employees.html
157535,Pike County,281.025895320197,21195,University of Pikeville,KY,,ME,University of Maine,2021-08-04,Public,,1,https://www.maine.edu/together/community-guidance/students/
159647,Lincoln Parish,211.094848522168,22061,Louisiana Tech University,LA,,LA,Louisiana Tech University,2021-08-23,Public,,1,https://www.klfy.com/health/coronavirus/university-of-louisiana-system-will-require-student-covid-19-vaccinations/
159993,Ouachita Parish,266.166833743842,22073,University of Louisiana at Monroe,LA,,LA,University of Louisiana at Monroe,2021-08-23,Public,,1,https://www.klfy.com/health/coronavirus/university-of-louisiana-system-will-require-student-covid-19-vaccinations/
160409,St. Tammany Parish,225.842030788177,22103,Saint Joseph Seminary College,LA,,IL,Saint Augustine College,2021-08-26,Private,,1,https://www.illinois.gov/government/executive-orders/executive-order.executive-order-number-20.2021.html
161217,Kennebec County,161.926525862069,23011,University of Maine at Augusta,ME,,ME,University of Maine at Augusta,2021-08-04,Public,,1,https://www.maine.edu/together/community-guidance/students/
161226,Franklin County,159.651168719212,23007,University of Maine at Farmington,ME,,ME,University of Maine at Farmington,2021-08-04,Public,,1,https://www.maine.edu/together/community-guidance/students/
161299,Hancock County,114.565834975369,23009,Maine Maritime Academy,ME,,ME,Maine Maritime Academy,2021-08-12,Public,,1,https://mainemaritime.edu/about-mma/press-releases/maine-maritime-academy-announces-student-vaccine-requirement-for-fall-2021/
161554,Cumberland County,141.819530788177,23005,University of Southern Maine,ME,,ME,University of Southern Maine,2021-08-04,Public,,1,https://www.maine.edu/together/community-guidance/students/
162584,Allegany County,88.8929039408867,24001,Frostburg State University,MD,,MD,Frostburg State University,2021-04-23,Public,,1,https://www.usmd.edu/newsroom/news/2154
163462,Frederick County,68.5245689655173,24021,Mount St. Mary's University,MD,,MD,Mount St. Mary's University,2021-05-04,Private,,1,https://inside.msmary.edu/return-to-the-mount/covid-19-info/vaccine-policies.html
163912,St. Mary's County,49.5236490147783,24037,St. Mary's College of Maryland,MD,,MD,St. Mary's College of Maryland,2021-05-12,Public,,1,https://www.smcm.edu/fall-2021/
164580,Norfolk County,161.411020935961,25021,Babson College,MA,,MI,Albion College,2021-05-19,Private,,1,https://www.albion.edu/albion-college-to-require-a-covid-19-vaccination-before-returning-to-campus-for-the-fall-2021-semester/
165024,Plymouth County,191.321426108374,25023,Bridgewater State University,MA,,MA,Bridgewater State University,2021-04-26,Public,,1,https://www.salemstate.edu/news/fall-2021-semester-covid-19-vaccine-requirement-apr-26-2021
165820,Worcester County,199.918272167488,25027,Fitchburg State University,MA,,MA,Fitchburg State University,2021-04-26,Public,,1,https://www.salemstate.edu/news/fall-2021-semester-covid-19-vaccine-requirement-apr-26-2021
166629,Hampshire County,149.228958128079,25015,University of Massachusetts-Amherst,MA,,MA,University of Massachusetts at Amherst,2021-04-22,Public,,1,https://www.umass.edu/coronavirus/news/message-chancellor-about-additional-public-health-measures-fall-2021-semester
167729,Essex County,224.513007389163,25009,Salem State University,MA,,MA,Salem State University,2021-04-26,Public,,1,https://www.salemstate.edu/news/fall-2021-semester-covid-19-vaccine-requirement-apr-26-2021
167987,Bristol County,228.899623152709,25005,University of Massachusetts-Dartmouth,MA,,MA,University of Massachusetts at Dartmouth,2021-04-30,Public,,1,https://www.umassd.edu/covid/vaccine/
168263,Hampden County,246.084651477833,25013,Westfield State University,MA,,MA,Westfield State University,2021-04-26,Public,,1,https://www.salemstate.edu/news/fall-2021-semester-covid-19-vaccine-requirement-apr-26-2021
168847,Shiawassee County,223.888381773399,26155,Baker College,MI,,ME,Bates College,2021-05-11,Private,,1,https://www.bates.edu/academic-year-2020-21/2021/05/11/covid-19-vaccination-requirements-for-fall-2021-semester/
169479,Kent County,218.352348522168,26081,Davenport University,MI,,OH,Denison University,2021-05-24,Private,,1,https://denison.edu/campus/covid19/wh/142559
169910,Mecosta County,169.054752463054,26107,Ferris State University,MI,,MD,Bowie State University,2021-04-23,Public,,1,https://www.usmd.edu/newsroom/news/2154
170286,Hillsdale County,193.93077955665,26059,Hillsdale College,MI,,CA,Mills College,2021-06-10,Private,,1,https://www.mills.edu/covid-19/index.php
170976,Washtenaw County,176.705580049261,26161,University of Michigan-Ann Arbor,MI,,MI,University of Michigan at Ann Arbor,2021-04-23,Public,,1,https://www.michigandaily.com/administration/u-m-to-require-vaccinations-against-covid-19-for-all-students-living-in-residence-halls-next-fall/
171128,Houghton County,186.113002463054,26061,Michigan Technological University,MI,,MI,Lawrence Technological University,2021-04-13,Private,,0,https://www.ltu.edu/news/?_from=/news/index.asp&_opt=detail&_cid=31a6acae-df51-4189-ab88-edf7d6668a7d
172264,Lenawee County,213.828205665025,26091,Siena Heights University,MI,,MN,Saint Johns University,2021-08-04,Private,,1,https://www.csbsju.edu/covid-19/campus-communications/080421-vaccination-requirement
172334,Jackson County,213.841017241379,26075,Spring Arbor University,MI,,NY,Stony Brook University,2021-05-10,Public,,1,https://twitter.com/NYGovCuomo/status/1391784406453477383?s=20
173957,Olmsted County,223.580693349754,27109,Mayo Clinic College of Medicine and Science,MN,,IL,Worsham College of Mortuary Science,2021-08-26,For-profit,,1,https://www.illinois.gov/government/executive-orders/executive-order.executive-order-number-20.2021.html
174251,Stevens County,220.318371921182,27149,University of Minnesota-Morris,MN,,ME,University of Maine at Machias,2021-08-04,Public,,1,https://www.maine.edu/together/community-guidance/students/
174783,Stearns County,271.496383004926,27145,Saint Cloud State University,MN,,CA,San Jose State University,2021-04-22,Public,,1,https://www2.calstate.edu/csu-system/news/Pages/CSU-COVID-Vax-Requirement-FDA-Approval.aspx
175616,Bolivar County,258.251600985222,28011,Delta State University,MS,,MA,Salem State University,2021-04-26,Public,,1,https://www.salemstate.edu/news/fall-2021-semester-covid-19-vaccine-requirement-apr-26-2021
176017,Lafayette County,242.365880541872,28071,University of Mississippi,MS,,OH,University of Cincinnati,2021-08-31,Public,,1,https://www.cincinnati.com/story/news/2021/08/31/university-cincinnati-announces-covid-19-vaccine-mandate/5671338001/
176336,Jones County,267.571125615764,28067,Southeastern Baptist College,MS,,IL,Southeastern Illinois College,2021-08-26,Public,,1,https://www.illinois.gov/government/executive-orders/executive-order.executive-order-number-20.2021.html
176372,Forrest County,252.830017241379,28035,University of Southern Mississippi,MS,,ME,University of Southern Maine,2021-08-04,Public,,1,https://www.maine.edu/together/community-guidance/students/
176406,Madison County,194.597784482759,28089,Tougaloo College,MS,,NY,Molloy College,2021-07-27,Private,,1,https://www.molloy.edu/molloy-life/student-health-and-wellness/coronavirus-updates/vaccination-guidelines-for-employees
177144,Lewis County,230.596396551724,29111,Culver-Stockton College,MO,,CA,Fullerton College,2021-08-24,Public,,1,https://noce.edu/wp-content/uploads/2021/08/8.26.2021-COVID-19-Vaccination-Mandate-accessible.pdf
178341,Jasper County,245.604024630542,29097,Missouri Southern State University,MO,,LA,Northwestern State University,2021-08-23,Public,,1,https://www.klfy.com/health/coronavirus/university-of-louisiana-system-will-require-student-covid-19-vaccinations/
178402,Jackson County,256.924078817734,29095,University of Missouri-Kansas City,MO,,MI,University of Michigan at Flint,2021-07-30,Public,,1,https://record.umich.edu/articles/u-m-will-require-covid-19-vaccination-on-all-campuses/
178411,Phelps County,196.221528325123,29161,Missouri University of Science and Technology,MO,,ME,University of Maine at Machias,2021-08-04,Public,,1,https://www.maine.edu/together/community-guidance/students/
179326,Polk County,214.200445812808,29167,Southwest Baptist University,MO,,TX,Southwestern University,2021-07-14,Private,,1,https://www.southwestern.edu/live/news/14857-student-covid-19-health-and-safety-protocols
180647,Lake County,183.629278325123,30047,Salish Kootenai College,MT,,NY,Sarah Lawrence College,2021-04-22,Private,,1,https://www.sarahlawrence.edu/covid-information/#accordion-7-1-1-1
180692,Beaverhead County,180.449410098522,30001,The University of Montana-Western,MT,,TN,The University of the South,2021-08-26,Private,,1,https://new.sewanee.edu/2019-novel-coronavirus-covid-19/vaccination-requirement-aug-26/
181020,Saline County,119.663506157635,31151,Doane University,NE,,NC,Duke University,2021-04-09,Private,,1,https://today.duke.edu/2021/04/student-vaccination-requirements-fall-semester
182306,Elko County,189.216193349754,32007,Great Basin College,NV,,NV,Great Basin College,2021-08-20,Public,,0,https://www.unlv.edu/news-story/nevada-state-board-health-approves-covid-19-vaccination-requirement-students
183026,Merrimack County,182.640466748768,33013,Southern New Hampshire University,NH,,NH,Southern New Hampshire University,2021-04-23,Private,,1,https://www.snhu.edu/about-us/covid-19
183044,Strafford County,192.198889162562,33017,University of New Hampshire-Main Campus,NH,,NM,University of New Mexico-Main Campus,2021-08-02,Public,,1,https://bringbackthepack.unm.edu/vaccine/vaccine-requirement.html
183804,Ocean County,230.637773399015,34029,Beth Medrash Govoha,NJ,,WV,Bethany College,2021-06-23,Private,,1,https://www.bethanywv.edu/about-bethany/bethany-college-requiring-students-to-get-covid-19-vaccination/
183974,Warren County,196.082431034483,34041,Centenary University,NJ,,NJ,Centenary University,2021-07-13,Private,,1,https://www.centenaryuniversity.edu/coronavirus-communications/
184603,Bergen County,208.164229064039,34003,Fairleigh Dickinson University-Metropolitan Campus,NJ,,NJ,Fairleigh Dickinson University,2021-04-15,Private,,1,https://www.fdu.edu/coronavirus-update/
184782,Gloucester County,206.314454433498,34015,Rowan University,NJ,,NJ,Rowan University,2021-05-06,Public,,1,https://today.rowan.edu/news/2021/05/rowan-offers-vaccination-incentives.html
185572,Monmouth County,229.301133004926,34025,Monmouth University,NJ,,NJ,Monmouth University,2021-06-14,Private,,1,https://www.monmouth.edu/covid-19/fall-2021-healthcare-protocols/
185590,Passaic County,249.159294334975,34031,Montclair State University,NJ,,NJ,Montclair State University,2021-04-22,Public,,1,https://www.montclair.edu/redhawk-restart/2021/04/22/important-news-about-covid-19-vaccines/
186371,Camden County,214.131660098522,34007,Rutgers University-Camden,NJ,,NJ,Rutgers University-Camden,2021-03-25,Public,,1,https://www.rutgers.edu/news/rutgers-require-covid-19-vaccine-students
187596,McKinley County,311.573736453202,35031,Navajo Technical University,NM,,NY,Upstate Medical University,2021-05-10,Public,,1,https://twitter.com/NYGovCuomo/status/1391784406453477383?s=20
187985,Bernalillo County,186.452422413793,35001,University of New Mexico-Main Campus,NM,,NM,University of New Mexico-Main Campus,2021-08-02,Public,,1,https://bringbackthepack.unm.edu/vaccine/vaccine-requirement.html
188182,Lea County,231.959272167488,35025,University of the Southwest,NM,,PA,University of the Sciences,2021-04-29,Private,,1,University of the Sciences
188304,Grant County,208.435475369458,35017,Western New Mexico University,NM,,MA,Western New England University,2021-05-24,Private,,1,https://www1.wne.edu/coronavirus/update-may-24-2021.cfm
190099,Madison County,160.776757389163,36053,Colgate University,NY,,NY,Colgate University,2021-05-05,Private,,1,https://www.colgate.edu/colgate-together/university-policies-during-covid-19/vaccination-policy
190549,Kings County,235.647591133005,36047,CUNY Brooklyn College,NY,,NY,CUNY Brooklyn College,2021-05-10,Public,,1,https://twitter.com/NYGovCuomo/status/1391784406453477383?s=20
190983,Chemung County,220.383975369458,36015,Elmira College,NY,,MA,Elms College,2021-05-07,Private,,1,https://www.elms.edu/elms-safe/letter-from-the-president/
191630,Ontario County,157.379043103448,36069,Hobart William Smith Colleges,NY,,NY,Hobart and William Smith Colleges,2021-08-23,Private,,1,https://www2.hws.edu/vaccinations-and-covid-cases/
192192,Yates County,114.116342364532,36123,Keuka College,NY,,KY,Berea College,2021-04-29,Private,,1,https://www.courier-journal.com/story/news/local/2021/05/03/covid-19-vaccines-berea-college-kentucky-require-students-shots/4871589001/?gnt-cfr=1
192448,Nassau County,257.518868226601,36059,Long Island University,NY,,VA,Longwood University,2021-06-09,Public,,1,http://www.longwood.edu/news/2021/message-to-students-about-vaccine-plans/
194824,Rensselaer County,171.411581280788,36083,Rensselaer Polytechnic Institute,NY,,NY,Rensselaer Polytechnic Institute,2021-04-16,Private,,1,https://www.timesunion.com/news/article/RPI-requires-vaccinations-in-person-classes-for-16107307.php
195164,Cattaraugus County,173.845983990148,36009,St Bonaventure University,NY,,NY,St. Bonaventure University,2021-06-23,Private,,1,https://www.sbu.edu/news/news-items/2021/06/23/vaccines-required-for-sbu-students-this-fall
195809,Queens County,245.90042364532,36081,St. John's University-New York,NY,,NY,St. John's University,2021-04-21,Private,,1,https://www.stjohns.edu/about/news/announcements/covid-19-vaccination-requirement-fall-2021
196060,Albany County,167.37072044335,36001,SUNY at Albany,NY,,NY,SUNY at Albany,2021-05-10,Public,,1,https://twitter.com/NYGovCuomo/status/1391784406453477383?s=20
196097,Suffolk County,249.72452955665,36103,Stony Brook University,NY,,NY,Stony Brook University,2021-05-10,Public,,1,https://twitter.com/NYGovCuomo/status/1391784406453477383?s=20
196246,Clinton County,179.368242610837,36019,SUNY College at Plattsburgh,NY,,NY,SUNY College at Plattsburgh,2021-05-10,Public,,1,https://twitter.com/NYGovCuomo/status/1391784406453477383?s=20
196413,Onondaga County,213.787062807882,36067,Syracuse University,NY,,NY,Syracuse University,2021-04-08,Private,,1,https://news.syr.edu/blog/2021/04/08/covid-19-vaccination/
197911,Wilson County,227.766497536946,37195,Barton College,NC,,MA,Boston College,2021-04-23,Private,,1,https://www.bcheights.com/2021/04/23/bc-to-require-vaccinations-for-2021-2022-academic-year/
197984,Gaston County,249.977592364532,37071,Belmont Abbey College,NC,,WI,Beloit College,2021-05-21,Private,,1,https://www.beloit.edu/live/blurbs/1071-community-care-college-is-requiring-vaccines-for
198215,Rowan County,249.344176108374,37159,Catawba College,NC,,WA,Cascadia College,2021-08-20,Public,,0,https://www.governor.wa.gov/sites/default/files/proclamations/proc_20-12.5.pdf
198303,Hertford County,168.191357142857,37091,Chowan University,NC,,NJ,Rowan University,2021-05-06,Public,,1,https://today.rowan.edu/news/2021/05/rowan-offers-vaccination-incentives.html
198464,Pitt County,249.484708128079,37147,East Carolina University,NC,,VT,Castleton University,2021-07-22,Public,,1,https://www.castleton.edu/covid-19-coronavirus-updates/covid-vaccine/
198808,Avery County,221.579472906404,37011,Lees-McRae College,NC,,NY,Le Moyne College,2021-04-23,Private,,1,https://www.lemoyne.edu/News/News-Article/ArticleId/320
198835,Catawba County,256.74496182266,37035,Lenoir-Rhyne University,NC,,NC,Lenoir-Rhyne University,2021-06-25,Private,,1,https://www.lr.edu/coronavirus#vaccine-requirement
199111,Buncombe County,172.525830049261,37021,University of North Carolina at Asheville,NC,,CA,University of California at Irvine,2021-04-22,Public,,1,https://www.universityofcalifornia.edu/press-room/uc-encourages-covid-19-vaccinations-university-communities-while-reviewing-policy
199120,Orange County,152.038149014778,37135,University of North Carolina at Chapel Hill,NC,,MD,University of Maryland at College Park,2021-04-23,Public,,1,https://www.usmd.edu/newsroom/news/2154
199148,Guilford County,187.580602216749,37081,University of North Carolina at Greensboro,NC,,MI,University of Michigan at Dearborn,2021-07-30,Public,,1,https://record.umich.edu/articles/u-m-will-require-covid-19-vaccination-on-all-campuses/
199193,Wake County,225.049352216749,37183,North Carolina State University at Raleigh,NC,,LA,Louisiana State University at Eunice,2021-08-25,Public,,1,https://www.katc.com/news/covering-louisiana/regents-updates-on-louisiana-higher-ed-vaccine-mandates
199218,New Hanover County,185.588100985222,37129,University of North Carolina Wilmington,NC,,WA,University of Phoenix in Washington,2021-08-20,For-profit,,0,https://www.governor.wa.gov/sites/default/files/proclamations/proc_20-12.5.pdf
199306,Stanly County,265.655028325123,37167,Pfeiffer University,NC,,OR,Pacific University,2021-04-30,Private,,1,https://www.pacificu.edu/about/media/pacific-will-require-covid-19-vaccination-students-employees
200004,Jackson County,182.828713054187,37099,Western Carolina University,NC,,OR,Western Oregon University,2021-05-10,Public,,1,https://www.opb.org/article/2021/05/10/oregon-universities-covid-19-vaccine-plan/
200156,Stutsman County,288.419113300493,38093,University of Jamestown,ND,,WV,University of Charleston,2021-06-18,Private,,1,https://www.ucwv.edu/coronavirus-information/
200484,Dickey County,236.017408866995,38021,Trinity Bible College and Graduate School,ND,,WA,Pierce College at Fort Steilacoom,2021-08-20,Public,,0,https://www.governor.wa.gov/sites/default/files/proclamations/proc_20-12.5.pdf
201441,Wood County,207.15775,39173,Bowling Green State University-Main Campus,OH,,WA,Washington State University-Tri Cities,2021-04-28,Public,,1,https://from.wsu.edu/president/2021/covid-19-vaccine-requirement/email.html
204501,Lorain County,185.040086206897,39093,Oberlin College,OH,,MA,Emerson College,2021-04-21,Private,,1,https://today.emerson.edu/2021/04/21/update-on-fall-2021-term-planning/
204635,Hardin County,190.224102216749,39065,Ohio Northern University,OH,,OH,Ohio State University,2021-08-24,Public,,1,https://news.osu.edu/ohio-state-announces-vaccination-requirement/
206604,Greene County,191.225426108374,39057,Wright State University-Main Campus,OH,,OH,Kent State University at Salem,2021-08-27,Public,,1,https://www.kent.edu/coronavirus/news/kent-state-announces-covid-19-vaccine-requirement
206695,Mahoning County,201.151801724138,39099,Youngstown State University,OH,,LA,Louisiana State University,2021-08-24,Public,,1,https://www.lsu.edu/president/messages/2021/08-24-welcome-employees.php
206817,Muskogee County,252.195267241379,40101,Bacone College,OK,,NY,Bard College,2021-05-05,Private,,1,https://www.bard.edu/covid19/
207388,Payne County,191.853128078818,40119,Oklahoma State University-Main Campus,OK,,CA,California State University-Stanislaus,2021-04-22,Public,,1,https://www2.calstate.edu/csu-system/news/Pages/CSU-COVID-Vax-Requirement-FDA-Approval.aspx
207403,Pottawatomie County,243.870951970443,40125,Oklahoma Baptist University,OK,,CA,Sonoma State University,2021-04-22,Public,,1,https://www2.calstate.edu/csu-system/news/Pages/CSU-COVID-Vax-Requirement-FDA-Approval.aspx
207500,Cleveland County,240.193625615764,40027,University of Oklahoma-Norman Campus,OK,,MD,University of Maryland Global Campus,2021-04-23,Public,,1,https://www.usmd.edu/newsroom/news/2154
207661,Rogers County,236.407523399015,40131,Rogers State University,OK,,MD,Bowie State University,2021-04-23,Public,,1,https://www.usmd.edu/newsroom/news/2154
207971,Tulsa County,225.541616995074,40143,University of Tulsa,OK,,OH,University of Toledo,2021-09-01,Public,,1,https://www.utoledo.edu/coronavirus/vaccine/requirement.html
208646,Union County,157.383969211823,41061,Eastern Oregon University,OR,,OR,Eastern Oregon University,2021-06-03,Public,,1,https://www.eou.edu/news-press/eou-will-require-covid-19-vaccinations-for-fall-2021/
209506,Klamath County,177.537136699507,41035,Oregon Institute of Technology,OR,,OR,Oregon Institute of Technology,2021-06-02,Public,,1,https://www.oit.edu/coronavirus
209551,Lane County,129.359853448276,41039,University of Oregon,OR,,OR,University of Oregon,2021-05-10,Public,,1,https://around.uoregon.edu/content/uo-require-covid-19-vaccinations-students-employees
210429,Polk County,152.454136699507,41053,Western Oregon University,OR,,OR,Western Oregon University,2021-05-10,Public,,1,https://www.opb.org/article/2021/05/10/oregon-universities-covid-19-vaccine-plan/
210669,Crawford County,200.742883004926,42039,Allegheny College,PA,,PA,Allegheny College,2021-05-18,Private,,1,https://sites.allegheny.edu/covid19/2021/05/18/covid-19-vaccine-to-be-required-for-allegheny-students/
210739,Lehigh County,208.84488546798,42077,DeSales University,PA,,PA,Salus University,2021-06-17,Private,,1,https://www.salus.edu/Salus/media/Images/Vaccine-Requirement.pdf
211088,Montgomery County,158.379166256158,42091,Arcadia University,PA,,PA,Arcadia University,2021-08-17,Private,,1,https://www.arcadia.edu/announcements/2021/08/17/aug-17-2021-presidential-message-covid-vaccine-requirement-update
211291,Union County,222.145291871921,42119,Bucknell University,PA,,PA,Bucknell University,2021-05-13,Private,,1,https://www.bucknell.edu/life-bucknell/fall-reopening/students-families/messages-event-recordings
212674,Adams County,207.075737684729,42001,Gettysburg College,PA,,PA,Gettysburg College,2021-05-20,Private,,1,https://www.gettysburg.edu/opening/messages/20210520-student-vaccinations
213251,Huntingdon County,217.956052955665,42061,Juniata College,PA,,IL,Eureka College,2021-08-26,Private,,1,https://www.illinois.gov/government/executive-orders/executive-order.executive-order-number-20.2021.html
213303,Wyoming County,159.242693349754,42131,Keystone College,PA,,MA,Boston College,2021-04-23,Private,,1,https://www.bcheights.com/2021/04/23/bc-to-require-vaccinations-for-2021-2022-academic-year/
215266,McKean County,171.789316502463,42083,University of Pittsburgh-Bradford,PA,,CT,University of Connecticut-Stamford,2021-06-04,Public,,1,https://policy.uconn.edu/2021/06/04/covid-19-immunization-record-requirement-for-students/#
215947,Westmoreland County,196.911830049261,42129,Seton Hill University,PA,,PA,Seton Hill University,2021-06-21,Private,,1,https://www.setonhill.edu/student-life/counseling-disability-health-services/coronavirus-updates/
216038,Butler County,203.821205665025,42019,Slippery Rock University of Pennsylvania,PA,,PA,University of Pennsylvania,2021-04-22,Private,,1,https://penntoday.upenn.edu/announcements/update-penns-plans-fall-semester
216597,Delaware County,167.448156403941,42045,Villanova University,PA,,PA,Villanova University,2021-06-03,Private,,1,https://www1.villanova.edu/university/return-to-campus/vaccine-information/vaccine-faqs.html
217156,Providence County,298.185485221675,44007,Brown University,RI,,RI,Brown University,2021-04-06,Private,,1,https://www.providencejournal.com/story/news/2021/04/06/brown-begin-requiring-vaccines-students-come-fall/7107713002/
217536,Newport County,209.491041871921,44005,Salve Regina University,RI,,RI,Salve Regina University,2021-06-08,Private,,1,https://salve.edu/june-8-salve-regina-community-vaccination-status-and-returning-salve-regina
217907,Darlington County,243.59900862069,45031,Coker University,SC,,IL,Adler University,2021-08-26,Private,,1,https://www.illinois.gov/government/executive-orders/executive-order.executive-order-number-20.2021.html
218229,Greenwood County,273.624386699507,45047,Lander University,SC,,NJ,Rider University,2021-04-29,Private,,1,https://www.rider.edu/about/news/rider-will-require-covid-19-vaccination-students
218414,Newberry County,295.688252463054,45071,Newberry College,SC,,MA,Curry College,2021-05-06,Private,,1,https://www.curry.edu/about-us/community-resources/employment/return-to-campus-communications
218654,Beaufort County,192.939181034483,45013,University of South Carolina Beaufort,SC,,CA,University of Southern California,2021-04-26,Private,,1,https://policy.usc.edu/covid-19-vaccination-program/
218663,Richland County,253.418048029557,45079,University of South Carolina-Columbia,SC,,CA,University of Southern California,2021-04-26,Private,,1,https://policy.usc.edu/covid-19-vaccination-program/
218724,Horry County,234.479890394089,45051,Coastal Carolina University,SC,,VT,Castleton University,2021-07-22,Public,,1,https://www.castleton.edu/covid-19-coronavirus-updates/covid-vaccine/
218733,Orangeburg County,232.491727832512,45075,South Carolina State University,SC,,LA,Louisiana State University,2021-08-24,Public,,1,https://www.lsu.edu/president/messages/2021/08-24-welcome-employees.php
219000,Minnehaha County,254.482043103448,46099,Augustana University,SD,,MN,Augsburg University,2021-07-21,Private,,1,https://drive.google.com/file/d/1BTALtRZBsDhowtUh3FEprNCxn84AyBJZ/view
219198,Yankton County,218.645456896552,46135,Mount Marty University,SD,,PA,Point Park University,2021-06-29,Private,,1,https://www.pointpark.edu/studentlife/healthandstudentservices/studenthealthcenter/returntocampus/index
219277,Oglala Lakota County,227.177089901478,46102,Oglala Lakota College,SD,,CA,Folsom Lake College,2021-08-03,Public,,1,https://losrios.edu/campus-life/news/los-rios-to-implement-covid-19-vaccine-requirement
219374,Todd County,239.710310344828,46121,Sinte Gleska University,SD,,CA,Santa Clara University,2021-04-27,Private,,1,https://www.scu.edu/kob/vaccine-update/
219718,Carroll County,274.877098522168,47017,Bethel University,TN,,MA,Bentley University,2021-05-17,Private,,1,https://www.bentley.edu/news/COVID-19-vaccination-requirements
219806,Jefferson County,247.469269704434,47089,Carson-Newman University,TN,,VT,Castleton University,2021-07-22,Public,,1,https://www.castleton.edu/covid-19-coronavirus-updates/covid-vaccine/
219949,Wilson County,248.030229064039,47189,Cumberland University,TN,,DC,American University,2021-04-14,Private,,1,https://www.american.edu/media/pr/20210524_vaccine_community_update.cfm
220631,Claiborne County,243.422976600985,47025,Lincoln Memorial University,TN,,IL,Lincoln Christian University,2021-08-26,Private,,1,https://www.illinois.gov/government/executive-orders/executive-order.executive-order-number-20.2021.html
220701,Giles County,272.813523399015,47055,Martin Methodist College,TN,,IL,Methodist College,2021-08-26,Private,,1,https://www.illinois.gov/government/executive-orders/executive-order.executive-order-number-20.2021.html
220862,Shelby County,216.531525862069,47157,University of Memphis,TN,,FL,University of Miami,2021-06-01,Private,,0,https://coronavirus.miami.edu/updates-and-messages/index.html
220978,Rutherford County,248.112938423645,47149,Middle Tennessee State University,TN,,LA,McNeese State University,2021-08-23,Public,,1,https://www.klfy.com/health/coronavirus/university-of-louisiana-system-will-require-student-covid-19-vaccinations/
221731,McMinn County,266.270745073892,47107,Tennessee Wesleyan University,TN,,IL,Illinois Wesleyan University,2021-08-26,Private,,1,https://www.illinois.gov/government/executive-orders/executive-order.executive-order-number-20.2021.html
221953,Greene County,274.491694581281,47059,Tusculum University,TN,,MN,Augsburg University,2021-07-21,Private,,1,https://drive.google.com/file/d/1BTALtRZBsDhowtUh3FEprNCxn84AyBJZ/view
221999,Davidson County,237.688480295567,47037,Vanderbilt University,TN,,TN,Vanderbilt University,2021-05-17,Private,,1,https://www.vanderbilt.edu/coronavirus/
225885,Wood County,149.88236453202,48499,Jarvis Christian College,TX,,IL,Trinity Christian College,2021-08-26,Private,,1,https://www.illinois.gov/government/executive-orders/executive-order.executive-order-number-20.2021.html
226091,Jefferson County,160.65147044335,48245,Lamar University,TX,,IL,Adler University,2021-08-26,Private,,1,https://www.illinois.gov/government/executive-orders/executive-order.executive-order-number-20.2021.html
226471,Bell County,158.882626847291,48027,University of Mary Hardin-Baylor,TX,,VA,University of Mary Washington,2021-05-26,Public,,1,https://www.umw.edu/returntocampus/faq/
227881,Walker County,217.256823891626,48471,Sam Houston State University,TX,,CA,San Jose State University,2021-04-22,Public,,1,https://www2.calstate.edu/csu-system/news/Pages/CSU-COVID-Vax-Requirement-FDA-Approval.aspx
228325,Ellis County,227.386030788177,48139,Southwestern Assemblies of God University,TX,,LA,Southeastern Louisiana University,2021-08-23,Public,,1,https://www.klfy.com/health/coronavirus/university-of-louisiana-system-will-require-student-covid-19-vaccinations/
228459,Hays County,224.965245073892,48209,Texas State University,TX,,UT,Utah State University,2021-08-27,Public,,1,https://www.usu.edu/today/story/usu-to-require-student-vaccine-for-spring-semester
228468,Johnson County,211.87572044335,48251,Southwestern Adventist University,TX,,MD,Washington Adventist University,2021-05-25,Private,,1,https://www.wau.edu/wau-requiring-vaccination-for-fall-semester/
228529,Erath County,173.644789408867,48143,Tarleton State University,TX,,OR,Oregon State University,2021-05-04,Public,,1,https://covid.oregonstate.edu/latest-updates/university-plans-require-vaccinations
228653,Galveston County,240.918756157636,48167,The University of Texas Medical Branch at Galveston,TX,,NM,University of New Mexico at Gallup,2021-08-02,Public,,1,https://bringbackthepack.unm.edu/vaccine/vaccine-requirement.html
229018,Ector County,193.99422044335,48135,The University of Texas Permian Basin,TX,,TN,The University of the South,2021-08-26,Private,,1,https://new.sewanee.edu/2019-novel-coronavirus-covid-19/vaccination-requirement-aug-26/
229027,Bexar County,239.667322660099,48029,The University of Texas at San Antonio,TX,,ME,University of Maine at Farmington,2021-08-04,Public,,1,https://www.maine.edu/together/community-guidance/students/
229780,Hale County,167.442857142857,48189,Wayland Baptist University,TX,,WA,Walla Walla University,2021-08-20,Private,,0,https://www.governor.wa.gov/sites/default/files/proclamations/proc_20-12.5.pdf
230737,Utah County,273.118772167488,49049,Utah Valley University,UT,,PA,La Salle University,2021-06-17,Private,,1,https://www.lasalle.edu/blog/2021/06/17/vaccine-requirement-and-additional-health-and-safety-updates-for-fall-2021/
230913,Lamoille County,128.027933497537,50015,Northern Vermont University,VT,,MA,Northeastern University,2021-04-06,Private,,1,https://news.northeastern.edu/2021/04/06/northeastern-to-require-covid-19-vaccinations-for-all-students-this-fall/
231165,Orange County,142.380921182266,50017,Vermont Technical College,VT,,WA,Renton Technical College,2021-08-20,Public,,0,https://www.governor.wa.gov/sites/default/files/proclamations/proc_20-12.5.pdf
231420,Danville City,235.609041871921,51590,Averett University,VA,,NY,Alfred University,2021-05-10,Private,,1,https://twitter.com/NYGovCuomo/status/1391784406453477383?s=20
231581,Rockingham County,151.671619458128,51165,Bridgewater College,VA,,VA,Bridgewater College,2021-05-07,Private,,1,https://www.bridgewater.edu/covid-19-and-cares-act/
231624,Williamsburg City,90.416842364532,51830,William & Mary,VA,,VA,William & Mary,2021-05-18,Public,,1,https://www.wm.edu/sites/pathforward/health/vaccinations/index.php
232025,Washington County,219.073881773399,51191,Emory & Henry College,VA,,PA,Bryn Mawr College,2021-04-28,Private,,1,https://www.brynmawr.edu/news/message-bico-community-covid-vaccinations-be-required-students-fall-2021
232265,Hampton City,176.874426108374,51650,Hampton University,VA,,VA,Hampton University,2021-04-08,Private,,1,http://docs.hamptonu.edu/student/20210414123904-13399-new_student_revised_letter.pdf_20210416112456.pdf
232308,Roanoke County,192.527284482759,51161,Hollins University,VA,,VA,Hollins University,2021-05-03,Private,,1,https://hollins.edu/news/hollins-anticipates-the-beginning-of-a-return-to-normal-in-fall-2021/
232982,Norfolk City,149.749503694581,51710,Old Dominion University,VA,,VA,Old Dominion University,2021-06-08,Public,,1,https://www.odu.edu/emergency/news/2020/2/novel_coronavirus_co/update-35
233277,Radford City,228.422009852217,51750,Radford University,VA,,VA,Radford University,2021-06-15,Public,,1,https://www.radford.edu/content/radfordcore/home/reopening/fall2021-operational-plan.html
233356,Henrico County,168.29457635468,51087,Bon Secours Memorial College of Nursing,VA,,IL,Ambria College of Nursing,2021-08-26,For-profit,,1,https://www.illinois.gov/government/executive-orders/executive-order.executive-order-number-20.2021.html
233541,Winchester City,190.566965517241,51840,Shenandoah University,VA,,CA,Stanford University,2021-04-22,Private,,1,https://news.stanford.edu/today/2021/04/22/student-vaccination-fall/
233684,Arlington County,152.693694581281,51013,Strayer University-Virginia,VA,,VA,University of Virginia,2021-05-20,Public,,1,https://coronavirus.virginia.edu/updates/important-information-about-fall-2021
233897,Wise County,234.916806650246,51195,The University of Virginia's College at Wise,VA,,MD,University of Maryland at College Park,2021-04-23,Public,,1,https://www.usmd.edu/newsroom/news/2154
233921,Montgomery County,162.661321428571,51121,Virginia Polytechnic Institute and State University,VA,,VA,Virginia Polytechnic Institute and State University,2021-06-08,Public,,1,https://vtx.vt.edu/articles/2021/06/president-message-060821.html
234076,Albemarle County,135.867863300493,51003,University of Virginia-Main Campus,VA,,NM,University of New Mexico-Main Campus,2021-08-02,Public,,1,https://bringbackthepack.unm.edu/vaccine/vaccine-requirement.html
234207,Lexington City,313.455540640394,51678,Washington and Lee University,VA,,VA,Washington and Lee University,2021-05-21,Private,,1,https://my.wlu.edu/covid-19-resources/community-updates/new-guidance-for-vaccinated-individuals-and-vaccination-requirement-for-fall--students-faculty-and-staff-5-21
234827,Kittitas County,149.982451970443,53037,Central Washington University,WA,,WA,Central Washington University,2021-05-06,Public,,1,http://www.cwu.edu/message-president-james-gaudino?fbclid=IwAR2F8DQ1D75NBrCsxgkq5OgJJGkwXWBkghX1eIIK4tZ5jSWDWNISlHBTgqU
235097,Spokane County,204.416116995074,53063,Eastern Washington University,WA,,WA,Eastern Washington University,2021-06-03,Public,,1,https://inside.ewu.edu/news/featured/ewu-adds-vaccination-requirement/
235167,Thurston County,138.932949507389,53067,The Evergreen State College,WA,,WA,Evergreen State College,2021-05-06,Public,,1,https://www.evergreen.edu/news/post/2021/fall-2021-evergreen-requires-covid-19-vaccine
236896,Walla Walla County,214.406517241379,53071,Walla Walla University,WA,,WA,Walla Walla University,2021-08-20,Private,,0,https://www.governor.wa.gov/sites/default/files/proclamations/proc_20-12.5.pdf
237118,Barbour County,246.10318226601,54001,Alderson Broaddus University,WV,,PA,Alvernia University,2021-05-24,Private,,1,https://www.alvernia.edu/current-students/health-wellness-center/health-alerts
237330,Mercer County,248.638199507389,54055,Concord University,WV,,DC,Howard University,2021-05-17,Private,,1,https://newsroom.howard.edu/newsroom/static/14406/office-president-update-student-covid-19-vaccination-requirements
237686,Wood County,228.155017241379,54107,West Virginia University at Parkersburg,WV,,OH,Kent State University at Trumbull,2021-08-27,Public,,1,https://www.kent.edu/coronavirus/news/kent-state-announces-covid-19-vaccine-requirement
237783,Harrison County,253.567564039409,54033,Salem University,WV,,PA,Salus University,2021-06-17,Private,,1,https://www.salus.edu/Salus/media/Images/Vaccine-Requirement.pdf
237899,Kanawha County,227.928352216749,54039,West Virginia State University,WV,,VA,Virginia State University,2021-08-06,Public,,1,https://www.vsu.edu/news/2021/vaccination-requirement.php
237932,Ohio County,227.938541871921,54069,West Liberty University,WV,,MO,Webster University,2021-07-22,Private,,1,https://news.webster.edu/2021/task-force-updates-covid-guidelines-vaccinations-required.php
238032,Monongalia County,200.527197044335,54061,West Virginia University,WV,,PA,Alvernia University,2021-05-24,Private,,1,https://www.alvernia.edu/current-students/health-wellness-center/health-alerts
238616,Ozaukee County,214.050321428571,55089,Concordia University-Wisconsin,WI,,IL,Concordia University at Chicago,2021-08-26,Private,,1,https://www.illinois.gov/government/executive-orders/executive-order.executive-order-number-20.2021.html
239071,Jefferson County,217.61254679803,55055,Maranatha Baptist University,WI,,VA,Mary Baldwin University,2021-04-28,Private,,1,https://marybaldwin.edu/news/2021/04/28/mbu-will-require-covid-vaccine/
240189,Walworth County,221.440827586207,55127,University of Wisconsin-Whitewater,WI,,OH,University of Cincinnati,2021-08-31,Public,,1,https://www.cincinnati.com/story/news/2021/08/31/university-cincinnati-announces-covid-19-vaccine-mandate/5671338001/
240417,Dunn County,250.860422413793,55033,University of Wisconsin-Stout,WI,,OH,University of Cincinnati,2021-08-31,Public,,1,https://www.cincinnati.com/story/news/2021/08/31/university-cincinnati-announces-covid-19-vaccine-mandate/5671338001/
240471,Pierce County,230.952379310345,55093,University of Wisconsin-River Falls,WI,,OH,University of Cincinnati,2021-08-31,Public,,1,https://www.cincinnati.com/story/news/2021/08/31/university-cincinnati-announces-covid-19-vaccine-mandate/5671338001/
240727,Albany County,217.645751231527,56001,University of Wyoming,WY,,ME,University of Maine,2021-08-04,Public,,1,https://www.maine.edu/together/community-guidance/students/
241304,Caguas Municipio,139.593705665025,72025,Columbia Central University-Caguas,PR,,NY,Columbia University,2021-04-19,Private,,1,https://covid19.columbia.edu/news/fall-2021-vaccine-policy-update
241410,Ponce Municipio,110.159578817734,72113,Pontifical Catholic University of Puerto Rico-Ponce,PR,,IL,National University of Health Sciences,2021-08-26,Private,,1,https://www.illinois.gov/government/executive-orders/executive-order.executive-order-number-20.2021.html
241614,Trujillo Alto Municipio,122.707736453202,72139,Universidad Teologica del Caribe,PR,,DE,University of Delaware,2021-05-05,Public,,1,https://www.udel.edu/udaily/2021/may/covid-19-coronavirus-vaccination-requirement-students/
242617,San Germn Municipio,88.3503830049261,72125,Inter American University of Puerto Rico-San German,PR,,CA,Dominican University of California,2021-04-29,Private,,1,https://www.dominican.edu/fall-2021-campus-health-and-safety
243188,Utuado Municipio,94.3863645320197,72141,University of Puerto Rico-Utuado,PR,,WA,University of Puget Sound,2021-05-07,Private,,1,https://www.pugetsound.edu/about/office-of-the-president/messages-to-campus/student-vaccination-requirement-effective-fall-2021-5-7-21/
243197,Mayagez Municipio,108.924587438424,72097,University of Puerto Rico-Mayaguez,PR,,WA,University of Puget Sound,2021-05-07,Private,,1,https://www.pugetsound.edu/about/office-of-the-president/messages-to-campus/student-vaccination-requirement-effective-fall-2021-5-7-21/
260813,Arapahoe County,197.137735221675,8005,Platt College-Aurora,CO,,WA,Clark College,2021-08-20,Public,,0,https://www.governor.wa.gov/sites/default/files/proclamations/proc_20-12.5.pdf
433536,Jefferson Parish,216.099630541872,22051,Herzing University-New Orleans,LA,,LA,Loyola University New Orleans,2021-06-01,Private,,1,https://faq.loyno.edu/return-campus/message-archive
433660,Lee County,214.283802955665,12071,Florida Gulf Coast University,FL,,NJ,Georgian Court University,2021-04-23,Private,,1,https://georgian.edu/health-services/coronavirus/
438498,Alexandria City,164.605560344828,51510,Stratford University,VA,,CA,Stanford University,2021-04-22,Private,,1,https://news.stanford.edu/today/2021/04/22/student-vaccination-fall/
441937,Ventura County,186.038466748769,6111,California State University-Channel Islands,CA,,CA,California State University-Channel Islands,2021-04-22,Public,,1,https://www2.calstate.edu/csu-system/news/Pages/CSU-COVID-Vax-Requirement-FDA-Approval.aspx
443784,Bucks County,169.12225,42017,Strayer University-Pennsylvania,PA,,PA,University of Pennsylvania,2021-04-22,Private,,1,https://penntoday.upenn.edu/announcements/update-penns-plans-fall-semester
446048,Collier County,190.576939655172,12021,Ave Maria University,FL,,PA,Alvernia University,2021-05-24,Private,,1,https://www.alvernia.edu/current-students/health-wellness-center/health-alerts
451820,Bastrop County,210.950167487685,48021,The Art Institute of Austin,TX,,NY,New York Institute of Technology,2021-08-23,Private,,1,https://www.nyit.edu/about/vaccination
474906,Bonneville County,222.83997044335,16019,Stevens-Henager College,ID,,WA,Green River College,2021-08-20,Public,,0,https://www.governor.wa.gov/sites/default/files/proclamations/proc_20-12.5.pdf
482680,Lumpkin County,180.951298029557,13187,University of North Georgia,GA,,CO,University of Northern Colorado,2021-04-28,Public,,1,https://www.unco.edu/fall-2021/covid-19-vaccines.aspx
485111,Baldwin County,181.637185960591,13009,Georgia Military College,GA,,MA,Anna Maria College,2021-04-29,Private,,1,https://www.masslive.com/worcester/2021/04/anna-maria-college-in-paxton-will-require-students-to-be-vaccinated-against-covid-to-return-to-campus-in-the-fall.html
490753,Knox County,127.323681034483,23013,Maine Media College,ME,,MA,Anna Maria College,2021-04-29,Private,,1,https://www.masslive.com/worcester/2021/04/anna-maria-college-in-paxton-will-require-students-to-be-vaccinated-against-covid-to-return-to-campus-in-the-fall.html
492476,Villalba Municipio,107.110316502463,72149,EDP University of Puerto Rico-Villalba,PR,,NM,University of New Mexico at Gallup,2021-08-02,Public,,1,https://bringbackthepack.unm.edu/vaccine/vaccine-requirement.html
